{"loss": [7.205589294433594, 7.138179779052734], "val_loss": [9.803114891052246, 9.803114891052246], "val_recall@100_at_100": [0.010272525250911713, 0.010340378619730473], "val_recall@500_at_500": [0.03586076572537422, 0.035909365862607956], "val_recall@1000_at_1000": [0.06067235767841339, 0.06070903688669205], "val_recall@5000_at_5000": [0.23880892992019653, 0.23888228833675385]}