{"loss": [4.783453464508057, 0.6265024542808533, 0.6190775632858276], "auc": [0.6537013649940491, 0.6788819432258606, 0.6893695592880249], "recall": [0.6470636129379272, 0.6793462634086609, 0.6921564340591431], "precision": [0.6099177002906799, 0.6275102496147156, 0.6334441304206848], "val_loss": [0.6360467672348022, 0.6437121033668518, 0.6545928716659546], "val_auc": [0.7102606296539307, 0.7061328291893005, 0.7024240493774414], "val_recall": [0.6083599925041199, 0.6019531488418579, 0.596739649772644], "val_precision": [0.6484556794166565, 0.6473205089569092, 0.6458348035812378]}