{"loss": [7.693807125091553, 7.660256385803223, 7.448044776916504, 7.603331565856934], "val_loss": [11.566864013671875, 11.566864013671875, 11.566864013671875, 11.566864013671875], "val_recall@100_at_100": [0.004958263598382473, 0.005031743552535772, 0.004972959402948618, 0.00479824049398303], "val_recall@500_at_500": [0.010230041109025478, 0.010204731486737728, 0.010200649499893188, 0.01024881936609745], "val_recall@1000_at_1000": [0.013219041749835014, 0.013212510384619236, 0.013192099519073963, 0.013237004168331623], "val_recall@5000_at_5000": [0.0355561301112175, 0.035526737570762634, 0.035526737570762634, 0.035577356815338135]}