{"loss": [3736.143310546875, 3653.311767578125, 3597.37109375, 3733.04736328125], "val_loss": [5926.6513671875, 5926.603515625, 5926.57666015625, 5926.544921875], "val_recall@100_at_100": [7.052635191939771e-05, 7.052635191939771e-05, 7.052635191939771e-05, 7.052635191939771e-05], "val_recall@500_at_500": [0.0006643127417191863, 0.0006643127417191863, 0.0006631752476096153, 0.0006631752476096153], "val_recall@1000_at_1000": [0.0018507480854168534, 0.0018507480854168534, 0.0018507480854168534, 0.0018507480854168534]}